IDSLS;JML
35010100010001;120
35010100010002;92
35010100010003;231
35010100010004;99
35010100010005;190
35010100010006;100
35010100010007;200
35010100010008;288
35010100010009;170
35010100010010;84
35010100010011;136
35010100010012;152
35010100010013;124
35010100010014;86
35010100010015;118
35010100010016;102
35010100010017;108
35010100010018;124
35010100011002;0
35010100013001;0
35010100020001;110
35010100020002;74
35010100020003;71
35010100020004;63
35010100020005;60
35010100020006;69
35010100020007;77
35010100020008;115
35010100020009;134
35010100020010;93
35010100021001;0
35010100021002;0
35010100021003;0
35010100030001;123
35010100030002;133
35010100030003;94
35010100030004;91
35010100030005;100
35010100030006;111
35010100030007;103
35010100030008;125
35010100030009;125
35010100030010;152
35010100030011;98
35010100030012;97
35010100030013;79
35010100030014;91
35010100030015;96
35010100030016;64
35010100030017;122
35010100030018;98
35010100030019;98
35010100030020;111
35010100030021;102
35010100030022;108
35010100030023;104
35010100030024;112
35010100030025;76
35010100030026;28
35010100030027;98
35010100030028;59
35010100030029;67
35010100030030;93
35010100030031;96
35010100031001;0
35010100040001;102
35010100040002;105
35010100040003;101
35010100040004;106
35010100040005;153
35010100040006;105
35010100040007;97
35010100040008;251
35010100040009;229
35010100040010;123
35010100040011;68
35010100040012;116
35010100040013;130
35010100040014;118
35010100040015;108
35010100040016;119
35010100040017;83
35010100040018;37
35010100040019;98
35010100040020;57
35010100040021;103
35010100041002;0
35010100041003;0
35010100041004;0
35010100043001;0
35010100050001;140
35010100050002;119
35010100050003;139
35010100050004;84
35010100050005;174
35010100050006;146
35010100050007;198
35010100050008;116
35010100050009;82
35010100050010;134
35010100050011;98
35010100050012;87
35010100050013;62
35010100050014;127
35010100050015;114
35010100050016;81
35010100050017;51
35010100050018;99
35010100050019;76
35010100050020;81
35010100050021;82
35010100050022;80
35010100050023;42
35010100050024;108
35010100050025;56
35010100050026;125
35010100050027;136
35010100050028;103
35010100050029;82
35010100050030;157
35010100050031;73
35010100050032;136
35010100050033;93
35010100050034;120
35010100050035;113
35010100051001;0
35010100051002;0
35010100060001;36
35010100060002;66
35010100060003;39
35010100060004;47
35010100060005;97
35010100060006;62
35010100060007;98
35010100060008;68
35010100060009;34
35010100060010;33
35010100060011;70
35010100060012;83
35010100060013;67
35010100060014;85
35010100060015;77
35010100060016;71
35010100060017;78
35010100060018;52
35010100060019;47
35010100060020;99
35010100060021;64
35010100060022;40
35010100060023;65
35010100060024;84
35010100060025;92
35010100060026;61
35010100060027;75
35010100060028;97
35010100060029;57
35010100060030;54
35010100060031;86
35010100060032;44
35010100060033;71
35010100060034;58
35010100060035;65
35010100060036;88
35010100060037;94
35010100061001;0
35010100061002;0
35010100061003;0
35010100061004;0
35010100061005;0
35010100061006;0
35010100061007;0
35010100070001;100
35010100070002;39
35010100070003;64
35010100070004;57
35010100070005;75
35010100070006;36
35010100070007;46
35010100070008;44
35010100070009;95
35010100070010;44
35010100070011;91
35010100070012;80
35010100070013;22
35010100070014;54
35010100070015;53
35010100070016;129
35010100070017;60
35010100070018;59
35010100070019;51
35010100070020;92
35010100070021;100
35010100070022;108
35010100070023;156
35010100070024;167
35010100070025;100
35010100070026;69
35010100070027;37
35010100070028;63
35010100070029;83
35010100070030;63
35010100070031;44
3501010007003100;61
35010100070032;43
35010100070033;45
35010100080001;76
35010100080002;41
35010100080003;77
35010100080004;35
35010100080005;91
35010100080006;69
35010100080007;112
35010100080008;77
35010100080009;78
35010100080010;120
35010100080011;149
35010100080012;181
35010100080013;108
35010100080014;130
35010100080015;119
35010100080016;57
35010100080017;144
35010100080018;147
35010100080019;161
35010100080020;134
35010100080021;120
35010100080022;85
35010100081001;0
35010100090001;105
35010100090002;84
35010100090003;78
35010100090004;112
35010100090005;65
35010100090006;78
35010100090007;78
35010100090008;129
35010100090009;122
35010100090010;101
35010100090011;81
35010100090012;116
35010100090013;86
35010100090014;121
35010100090015;84
35010100090016;101
35010100090017;71
35010100090018;115
35010100090019;56
35010100090020;122
35010100090021;61
35010100090022;75
35010100090023;74
35010100090024;49
35010100090025;91
35010100090026;63
35010100090027;98
35010100090028;86
35010100090029;142
35010100090030;113
35010100090031;88
35010100090032;138
35010100100001;78
35010100100002;77
35010100100003;115
35010100100004;69
35010100100005;64
35010100100006;72
35010100100007;99
35010100100008;107
35010100100009;97
35010100100010;90
35010100100011;109
35010100100012;81
35010100100013;113
35010100100014;101
35010100100015;106
35010100100016;130
35010100100017;112
35010100100018;68
35010100100019;43
35010100100020;88
35010100100021;54
35010100100022;58
35010100100023;118
35010100100024;97
35010100100025;46
35010100100026;87
35010100100027;58
35010100100028;73
35010100100029;73
35010100100030;75
35010100100031;79
35010100101001;0
35010100110001;146
35010100110002;158
35010100110003;168
35010100110004;189
35010100110005;163
35010100110006;121
35010100110007;110
35010100110008;131
35010100110009;157
35010100110010;85
35010100110011;143
35010100110012;153
35010100110013;215
35010100110014;78
35010100110015;92
35010100110016;103
35010100110017;124
35010100110018;66
35010100110019;114
35010100110020;96
35010100110021;87
35010100110022;236
35010100110023;231
35010100110024;93
35010100110025;88
35010100110026;151
35010100110027;120
35010100110028;50
35010100110029;45
35010100110030;78
35010100110031;54
35010100110032;77
35010100110033;57
35010100110034;85
35010100111001;0
35010100120001;92
35010100120002;50
35010100120003;72
35010100120004;42
35010100120005;59
35010100120006;54
35010100120007;72
35010100120008;106
35010100120009;41
35010100120010;67
35010100120011;48
35010100120012;52
35010100120013;63
35010100120014;118
35010100120015;83
35010100120016;96
35010100120017;68
35010100120018;78
35010100120019;69
35010100120020;71
35010100120021;68
35010100120022;48
35010100120023;61
35010100120024;86
35010100120025;88
35010100120026;47
35010100120027;69
35010100120028;82
35010100120029;51
35010100120030;76
35010100120031;58
35010100120032;44
35010100120033;64
35010100120034;55
35010100120035;33
35010100120036;41
35010100120037;53
35010100120038;39
35010100120039;42
35010100120040;56
35010100120041;44
35010100120042;76
35010100120043;75
35010100120044;65
35010100120045;49
35010100120046;66
35010100120047;39
35010100120048;83
35010100120049;46
35010100120050;40
35010100120051;65
35010100120052;68
35010100120053;60
35010100120054;60
35010100121001;0
35010100121002;0
35010100121003;0
35010200010001;44
35010200010002;51
35010200010003;52
35010200010004;72
35010200010005;69
35010200010006;32
35010200010007;44
35010200010008;95
35010200010009;67
35010200010010;105
35010200010011;83
35010200010012;46
35010200010013;30
35010200010014;42
35010200010015;42
35010200010016;86
35010200010017;87
35010200010018;38
35010200010019;40
35010200010020;85
35010200010021;85
35010200010022;33
35010200010023;9
35010200010024;52
35010200010025;37
35010200010026;52
35010200010027;68
35010200010028;30
35010200010029;45
35010200010030;30
35010200010031;81
35010200010032;35
35010200010033;36
35010200010034;67
35010200010035;133
35010200010036;83
35010200010037;115
35010200010038;56
35010200020001;100
35010200020002;55
35010200020003;31
35010200020004;76
35010200020005;82
35010200020006;65
35010200020007;74
35010200020008;53
35010200020009;48
35010200020010;168
35010200020011;87
35010200020012;141
35010200020013;115
35010200020014;75
35010200020015;82
35010200020016;70
35010200020017;71
35010200020018;93
35010200020019;58
35010200020020;73
35010200020021;47
35010200020022;61
35010200020023;57
35010200020024;57
35010200020025;29
35010200020026;44
35010200020027;59
35010200020028;55
35010200030001;145
35010200030002;246
35010200030003;75
35010200030004;133
35010200030005;274
35010200030006;159
35010200030007;65
35010200030008;92
35010200030009;116
35010200030010;97
35010200030011;138
35010200030012;143
35010200030013;120
35010200030014;127
35010200030015;75
35010200030016;77
35010200030017;90
35010200030018;64
35010200030019;69
35010200030020;107
35010200030021;116
35010200030022;83
35010200030023;114
35010200030024;91
35010200030025;150
35010200030026;72
35010200030027;81
35010200030028;152
35010200030029;71
35010200030030;224
35010200030031;55
35010200030032;168
35010200030033;176
35010200030034;104
35010200030035;78
35010200030036;105
35010200030037;61
35010200030038;66
35010200030039;84
35010200030040;38
35010200030041;97
35010200030042;214
35010200030043;70
35010200030044;78
35010200030045;96
35010200030046;165
35010200030047;207
35010200030048;76
35010200030049;65
350102000300_CSN_NGADIROJO;2
350102000300_CSN_PASAR_PUNUNG;2
350102000300_CSN_PONDOK_ALANWAR;29
350102000300_CSN_PONDOK_ISTIQOMAH;5
350102000300_CSN_TPI_TAMPERAN;272
35010200035001;0
35010200040001;124
35010200040002;98
35010200040003;136
35010200040004;166
35010200040005;86
35010200040006;104
35010200040007;133
35010200040008;87
35010200040009;121
35010200040010;95
35010200040011;106
35010200040012;130
35010200040013;106
35010200040014;120
35010200050001;108
35010200050002;88
35010200050003;80
35010200050004;64
35010200050005;71
35010200050006;70
35010200050007;57
35010200050008;87
35010200050009;65
35010200050010;80
35010200050011;47
35010200050012;102
35010200050013;108
35010200050014;92
35010200050015;85
35010200050016;126
35010200050017;103
35010200050018;130
35010200050019;113
35010200050020;87
35010200050021;70
35010200050022;106
35010200050023;67
35010200050024;67
35010200050025;43
35010200050026;80
35010200050027;45
35010200050028;126
35010200050029;99
35010200050030;111
35010200050031;106
35010200060001;88
35010200060002;155
35010200060003;86
35010200060004;72
35010200060005;135
35010200060006;78
35010200060007;77
35010200060008;92
35010200060009;75
35010200060010;75
35010200060011;45
35010200060012;43
35010200060013;60
35010200060014;49
35010200070001;60
35010200070002;68
35010200070003;46
35010200070004;19
35010200070005;43
35010200070006;35
35010200070007;50
35010200070008;33
35010200070009;83
35010200070010;90
35010200070011;76
35010200070012;57
35010200070013;55
35010200070014;61
35010200070015;75
35010200070016;36
35010200070017;37
35010200070018;28
35010200070019;61
35010200070020;98
35010200070021;83
35010200070022;21
35010200070023;32
35010200070024;68
35010200070025;61
35010200070026;71
35010200080001;76
35010200080002;86
35010200080003;77
35010200080004;92
35010200080005;74
35010200080006;103
35010200080007;125
35010200080008;119
35010200080009;120
35010200080010;100
35010200080011;148
35010200080012;133
35010200080013;102
35010200080014;113
35010200080015;108
35010200080016;74
35010200090001;164
35010200090002;73
35010200090003;66
35010200090004;79
35010200090005;72
35010200090006;57
35010200090007;77
35010200090008;78
35010200090009;57
35010200090010;72
35010200090011;93
35010200090012;63
35010200090013;97
35010200090014;102
35010200090015;80
35010200090016;89
35010200090017;96
35010200090018;101
35010200090019;99
35010200090020;114
35010200090021;92
35010200090022;103
35010200090023;100
35010200090024;133
35010200090025;109
35010200100001;97
35010200100002;72
35010200100003;93
35010200100004;103
35010200100005;90
35010200100006;55
35010200100007;110
35010200100008;107
35010200100009;72
35010200100010;75
35010200100011;51
35010200100012;52
35010200100013;43
35010200100014;103
35010200100015;97
35010200100016;83
35010200100017;75
35010200100018;57
35010200100019;45
35010200100020;112
35010200100021;47
35010200100022;80
35010200100023;96
35010200100024;81
35010200100025;76
35010200100026;187
35010200100027;112
35010200100028;130
35010200100029;84
35010200100030;60
35010200100031;72
35010200100032;114
35010200100033;120
35010200100034;114
35010200100035;122
35010200100036;113
35010200100037;79
35010200100038;83
35010200100039;64
35010200100040;47
35010200100041;23
35010200100042;63
35010200100043;39
35010200100044;76
35010200100045;114
35010200100046;70
35010200100047;145
35010200100048;48
35010200100049;85
35010200100050;97
35010200100051;68
35010200100052;85
35010200100053;125
35010200100054;95
35010200110001;105
35010200110002;98
35010200110003;251
35010200110004;271
35010200110005;203
35010200110006;164
35010200110007;45
35010200110008;143
35010200110009;170
35010200110010;176
35010200110011;219
35010200110012;108
35010200110013;87
35010200110014;98
35010200110015;231
35010200110016;186
35010200110017;169
35010200110018;133
35010200110019;245
35010200110020;205
35010200110021;146
35010200110022;190
35010200110023;147
35010200110024;101
35010200110025;100
35010200110026;66
35010200111001;0
35010200112002;0
35010200112003;0
35010200112004;0
35010200112005;0
35010200115006;0
35010200120001;108
35010200120002;121
35010200120003;195
35010200120004;53
35010200120005;0
35010200120006;138
35010200120007;87
35010200120008;129
35010200120009;142
35010200120010;151
35010200120011;150
35010200120012;118
35010200120013;110
35010200120014;165
35010200120015;106
35010200120016;167
35010200120017;216
35010200120018;215
35010200130001;43
35010200130002;35
35010200130003;67
35010200130004;51
35010200130005;61
35010200130006;31
35010200130007;80
35010200130008;69
35010200130009;74
35010200130010;46
35010200130011;75
35010200130012;86
35010200130013;37
35010200130014;42
35010200130015;53
35010200130016;73
35010200130017;33
35010200130018;65
35010200130019;57
35010200130020;29
35010200130021;28
35010200130022;71
35010200130023;66
35010200130024;63
35010200130025;63
35010200132001;0
35010300010001;141
35010300010002;94
35010300010003;81
35010300010004;110
35010300010005;75
35010300010006;84
35010300010007;129
35010300010008;141
35010300010009;214
35010300010010;120
35010300010011;193
35010300010012;164
350103000100_CSN_PASAR_NGADIREJAN;1
35010300012001;0
35010300020001;91
35010300020002;56
35010300020003;48
35010300020004;83
35010300020005;55
35010300020006;77
35010300020007;49
35010300020008;49
35010300020009;128
35010300020010;139
35010300020011;142
35010300020012;138
35010300020013;153
35010300020014;83
35010300020015;106
35010300020016;106
35010300020017;27
35010300020018;102
35010300020019;50
35010300020020;67
35010300020021;46
35010300020022;49
35010300020023;84
35010300020024;124
35010300020025;46
35010300020026;55
35010300020027;74
35010300020028;36
35010300020029;89
35010300020030;113
35010300020031;74
35010300020032;103
35010300020033;44
35010300020034;38
35010300020035;82
35010300020036;76
35010300030001;101
35010300030002;63
35010300030003;46
35010300030004;76
35010300030005;112
35010300030006;66
35010300030007;43
35010300030008;69
35010300030009;74
35010300030010;84
35010300030011;82
35010300030012;71
35010300040001;61
35010300040002;57
35010300040003;147
35010300040004;14
35010300040005;95
35010300040006;31
35010300040007;60
35010300040008;33
35010300040009;63
35010300040010;56
35010300040011;96
35010300040012;56
35010300040013;101
35010300040014;81
35010300040015;102
35010300040016;64
35010300040017;71
35010300040018;114
35010300040019;107
35010300040020;109
35010300040021;118
35010300042001;0
35010300042002;0
35010300050001;140
35010300050002;93
35010300050003;89
35010300050004;88
35010300050005;119
35010300050006;114
35010300050007;51
35010300050008;88
35010300050009;68
35010300050010;70
35010300050011;59
35010300050012;57
35010300050013;80
35010300050014;74
35010300050015;71
35010300050016;47
35010300050017;81
35010300050018;53
35010300050019;74
35010300050020;97
35010300050021;75
35010300050022;50
35010300050023;50
35010300050024;83
35010300050025;115
35010300050026;136
35010300050027;116
35010300050028;140
35010300050029;112
35010300050030;60
35010300050031;74
35010300050032;46
35010300050033;70
35010300050034;62
35010300050035;60
35010300050036;171
35010300050037;66
35010300051001;0
35010300060001;113
35010300060002;181
35010300060003;103
35010300060004;117
35010300060005;194
35010300060006;129
35010300060007;124
35010300060008;64
35010300060009;75
35010300060010;126
35010300060011;153
35010300060012;98
35010300060013;252
35010300060014;167
35010300060015;101
35010300060016;99
35010300062001;0
35010300070001;78
35010300070002;57
35010300070003;92
35010300070004;72
35010300070005;101
35010300070006;134
35010300070007;45
35010300070008;46
35010300070009;103
35010300070010;63
35010300070011;56
35010300070012;69
35010300070013;58
35010300070014;119
35010300070015;109
35010300070016;122
35010300070017;78
35010300070018;57
35010300070019;144
35010300070020;112
35010300072001;0
35010300080001;136
35010300080002;128
35010300080003;106
35010300080004;78
35010300080005;90
35010300080006;217
35010300080007;138
35010300080008;101
35010300080009;94
35010300080010;96
35010300080011;289
35010300080012;177
35010300080013;136
35010300080014;61
35010300080015;136
35010300080016;75
35010300080017;54
35010300080018;118
35010300080019;39
35010300080020;89
35010300080021;63
35010300080022;123
35010300080023;27
35010300080024;147
35010300080025;62
35010300080026;53
35010300080027;58
35010300080028;148
35010300080029;80
35010300080030;32
35010300080031;80
35010300080032;76
35010300080033;39
35010300080034;39
35010300080035;44
35010300080036;95
35010300090001;70
35010300090002;62
35010300090003;61
35010300090004;36
35010300090005;47
35010300090006;62
35010300090007;40
35010300090008;39
35010300090009;70
35010300090010;62
35010300090011;53
35010300090012;65
35010300100001;122
35010300100002;101
35010300100003;99
35010300100004;133
35010300100005;146
35010300100006;112
35010300100007;86
35010300100008;50
35010300100009;211
35010300100010;127
35010300100011;120
35010300100012;90
35010300100013;205
35010300100014;173
35010300100015;133
35010300100016;95
35010300100017;63
35010300100018;106
35010300100019;194
35010300100020;159
35010300100021;152
35010300100022;161
35010300100023;188
35010300100024;112
35010300100025;171
35010300100026;153
35010300100027;104
35010300100028;93
35010300100029;135
35010300110001;107
35010300110002;110
35010300110003;84
35010300110004;86
35010300110005;148
35010300110006;117
35010300110007;152
35010300110008;162
35010300110009;100
35010300110010;157
35010300110011;97
35010300110012;98
35010300110013;124
35010300110014;158
35010300110015;130
35010300110016;166
35010300110017;134
35010300110018;160
35010300110019;117
35010300110020;93
35010300120001;97
35010300120002;146
35010300120003;91
35010300120004;131
35010300120005;131
35010300120006;66
35010300120007;78
35010300120008;96
35010300120009;149
35010300120010;151
35010300120011;149
35010300120012;98
35010300120013;148
35010300120014;125
35010300120015;103
35010300120016;90
35010300120017;72
35010300120018;144
35010300120019;139
35010300120020;134
35010300120021;81
35010300120022;93
35010300120023;196
35010300120024;92
35010300120025;95
35010300120026;62
35010300120027;121
35010300120028;77
35010300120029;66
35010300120030;82
35010300120031;128
35010300130001;77
35010300130002;148
35010300130003;156
35010300130004;134
35010300130005;221
35010300130006;121
35010300130007;133
35010300130008;181
35010300130009;132
35010300130010;140
35010300130011;135
35010300130012;133
35010300130013;87
35010300130014;123
35010300130015;116
35010300130016;97
35010300130017;125
35010300130018;130
35010300132001;0
35010300132002;0
35010400010001;131
35010400010002;322
35010400010003;98
35010400010004;46
35010400010005;202
35010400010006;229
35010400010007;181
35010400010008;230
35010400010009;321
35010400010010;254
3501040001001000;278
35010400010011;263
35010400010012;89
35010400010013;95
35010400010014;247
35010400010015;184
35010400010016;165
35010400010017;119
35010400010018;128
35010400010019;110
35010400010020;73
35010400010021;80
35010400010022;180
35010400010023;144
35010400010024;132
35010400010025;335
35010400010026;370
35010400010027;173
35010400010028;171
35010400010029;286
35010400010030;234
35010400010031;199
35010400010032;143
35010400010033;238
35010400010034;207
35010400010035;342
35010400010036;271
35010400010037;197
35010400010038;185
35010400010039;233
35010400010040;182
35010400010041;139
35010400010042;168
35010400011001;0
35010400012002;0
35010400020001;340
35010400020002;128
35010400020003;324
35010400020004;143
35010400020005;309
35010400020006;196
35010400020007;196
35010400020008;221
35010400020009;250
35010400020010;250
35010400020011;217
35010400020012;120
35010400020013;248
35010400020014;147
35010400020015;141
35010400020016;117
35010400020017;109
35010400020018;196
35010400020019;163
35010400020020;195
35010400020021;119
35010400020022;162
35010400020023;121
35010400020024;150
35010400020025;224
35010400020026;321
35010400020027;291
35010400020028;334
35010400020029;216
35010400020030;208
35010400020031;172
35010400020032;124
35010400020033;174
35010400020034;238
35010400020035;143
35010400020036;220
35010400021001;0
35010400030001;196
35010400030002;199
35010400030003;316
35010400030004;101
35010400030005;202
35010400030006;222
35010400030007;177
35010400030008;118
35010400030009;138
35010400030010;133
35010400030011;153
35010400030012;172
35010400030013;77
35010400030014;135
35010400030015;166
35010400031003;0
35010400032001;0
35010400032002;0
35010400040001;158
35010400040002;143
35010400040003;137
35010400040004;135
35010400040005;132
35010400040006;139
35010400040007;166
35010400040008;270
35010400040009;176
35010400050001;135
35010400050002;123
35010400050003;131
35010400050004;70
35010400050005;73
35010400050006;56
35010400050007;91
35010400050008;51
35010400050009;122
35010400050010;94
35010400050011;77
35010400050012;75
35010400050013;40
35010400050014;69
35010400050015;92
35010400050016;101
35010400050017;171
35010400050018;155
35010400050019;101
35010400050020;126
35010400050021;52
35010400050022;124
35010400050023;204
35010400050024;149
35010400060001;195
35010400060002;236
35010400060003;183
35010400060004;313
35010400060005;268
35010400060006;181
35010400060007;108
35010400060008;241
35010400060009;376
35010400060010;227
35010400060011;229
35010400060012;198
35010400060013;179
35010400060014;155
35010400060015;210
35010400060016;157
35010400060017;215
35010400060018;174
35010400060019;221
35010400060020;148
35010400060021;141
35010400060022;157
35010400070001;274
35010400070002;146
35010400070003;100
35010400070004;137
35010400070005;210
35010400070006;106
35010400070007;81
35010400070008;62
35010400070009;119
35010400070010;84
35010400070011;358
35010400070012;182
35010400070013;158
35010400070014;154
35010400070015;148
35010400070016;225
35010400070017;102
35010400070018;181
35010400070019;68
35010400070020;123
35010400070021;99
350104000700_CSN_PASAR_ARJOWINANGUN;5
35010400071003;0
35010400072005;0
35010400072006;0
35010400075001;0
35010400075002;0
35010400075004;0
35010400080001;291
35010400080002;279
35010400080003;188
35010400080004;304
35010400080005;356
35010400080006;236
35010400080007;257
35010400080008;213
35010400080009;110
35010400080010;205
35010400080011;105
35010400080012;155
35010400080013;140
35010400080014;190
35010400080015;139
35010400080016;126
350104000800_CSN_PASAR_MINULYO;5
35010400085001;0
35010400085002;0
35010400085003;45
35010400090001;158
35010400090002;127
35010400090003;165
35010400090004;203
35010400090005;257
35010400090006;144
35010400090007;113
35010400090008;170
35010400090009;90
35010400090010;175
35010400090011;159
35010400090012;250
35010400090013;162
35010400090014;167
35010400090015;102
35010400090016;118
35010400090017;193
35010400090018;147
35010400090019;169
35010400090020;116
35010400090021;138
35010400090022;155
35010400090023;141
35010400090024;162
35010400090025;123
35010400090026;263
35010400090027;189
35010400090028;303
35010400090029;200
35010400092001;0
35010400092002;0
35010400100001;166
35010400100002;274
35010400100003;184
35010400100004;96
35010400100005;124
35010400100006;90
35010400100007;71
35010400100008;52
35010400100009;104
35010400100010;147
35010400100011;113
35010400100012;112
35010400100013;83
35010400100014;155
35010400100015;105
35010400100016;17
35010400100017;70
35010400100018;117
35010400100019;136
35010400100020;55
35010400100021;147
35010400100022;163
35010400100023;227
35010400110001;348
35010400110002;208
35010400110003;97
35010400110004;72
35010400110005;109
35010400110006;92
35010400110007;106
35010400110008;91
35010400110009;106
35010400110010;108
35010400110011;159
35010400110012;135
35010400110013;82
35010400112001;0
35010400112002;0
35010400120001;224
35010400120002;147
35010400120003;140
35010400120004;282
35010400120005;214
35010400120006;247
35010400120007;285
35010400120008;326
35010400120009;245
35010400120010;270
35010400120011;215
35010400120012;162
35010400120013;186
35010400120014;148
35010400120015;112
35010400120016;129
35010400121001;0
35010400122002;0
35010400122003;0
35010400130001;180
35010400130002;199
35010400130003;290
35010400130004;354
35010400130005;256
35010400130006;239
35010400130007;132
35010400130008;139
35010400130009;286
35010400130010;91
35010400130011;168
35010400130012;263
35010400130013;296
35010400130014;179
350104001300_CSN_TRESNA_WERDHA;25
35010400131001;0
35010400132002;0
35010400140001;214
35010400140002;149
35010400140003;118
35010400140004;204
35010400140005;86
35010400140006;97
35010400140007;342
35010400140008;180
35010400140009;83
35010400140010;193
35010400140011;142
35010400140012;134
35010400140013;82
35010400140014;135
35010400140015;116
35010400140016;117
35010400140017;196
35010400140018;221
35010400140019;312
35010400140020;337
35010400140021;256
35010400140022;130
35010400150001;328
35010400150002;237
35010400150003;268
35010400150004;197
35010400150005;301
35010400150006;330
35010400150007;179
35010400150008;203
35010400151001;0
35010400151002;0
35010400155003;0
35010400160001;168
35010400160002;157
35010400160003;98
35010400160004;201
35010400160005;143
35010400160006;210
35010400160007;184
35010400160008;123
35010400160009;61
35010400160010;49
35010400160011;184
35010400160012;207
35010400160013;220
35010400160014;91
35010400160015;175
35010400160016;105
35010400160017;160
35010400160018;112
35010400161005;0
35010400162003;0
35010400162004;0
35010400162006;0
35010400165001;0
35010400165002;0
35010400170001;109
35010400170002;72
35010400170003;125
35010400170004;155
35010400170005;150
35010400170006;157
35010400170007;116
35010400170008;67
35010400170009;36
35010400170010;230
35010400170011;128
35010400170012;104
35010400170013;105
35010400170014;62
35010400172001;0
35010400180001;179
35010400180002;142
35010400180003;100
35010400180004;149
35010400180005;114
35010400180006;102
35010400180007;152
35010400180008;138
35010400180009;181
35010400180010;142
35010400180011;149
35010400180012;180
35010400180013;162
35010400180014;117
35010400180015;213
35010400181001;0
35010400190001;106
35010400190002;149
35010400190003;129
35010400190004;118
35010400190005;129
35010400190006;151
35010400190007;181
35010400190008;206
35010400190009;104
35010400190010;263
35010400190011;162
35010400190012;92
35010400200001;139
35010400200002;83
35010400200003;120
35010400200004;41
35010400200005;106
35010400200006;81
35010400200007;98
35010400200008;144
35010400200009;105
35010400200010;57
35010400200011;71
35010400200012;122
35010400200013;146
35010400200014;106
35010400201003;0
35010400202001;0
35010400202002;0
35010400210001;191
35010400210002;102
35010400210003;133
35010400210004;72
35010400210005;188
35010400210006;172
35010400210007;144
35010400210008;97
35010400210009;116
35010400212001;0
35010400220001;67
35010400220002;108
35010400220003;114
35010400220004;205
35010400220005;177
35010400220006;161
35010400220007;166
35010400220008;130
35010400220009;117
35010400222001;0
35010400230001;115
35010400230002;82
35010400230003;101
35010400230004;61
35010400230005;136
35010400230006;84
35010400230007;114
35010400230008;190
35010400230009;126
35010400230010;126
35010400230011;98
35010400230012;74
35010400230013;84
35010400230014;108
35010400230015;86
35010400230016;90
35010400230017;85
35010400230018;111
35010400230019;101
35010400230020;81
35010400230021;90
35010400230022;122
35010400230023;61
35010400230024;61
35010400230025;116
35010400230026;102
35010400230027;121
35010400240001;149
35010400240002;160
35010400240003;64
35010400240004;112
35010400240005;190
35010400240006;117
35010400240007;214
35010400240008;230
35010400240009;152
35010400240010;236
35010400240011;127
35010400240012;114
35010400250001;147
35010400250002;65
35010400250003;130
35010400250004;158
35010400250005;226
35010400250006;99
35010400250007;227
35010400250008;288
35010400250009;154
35010400250010;124
35010400250011;151
35010400250012;107
35010400250013;167
35010400251004;0
35010400252001;0
35010400252002;0
35010400252003;0
35010500010001;79
35010500010002;118
35010500010003;88
35010500010004;111
35010500010005;122
35010500010006;127
35010500010007;150
35010500010008;127
35010500010009;139
35010500012001;0
35010500020001;95
35010500020002;116
35010500020003;103
35010500020004;89
35010500020005;75
35010500020006;81
35010500020007;99
35010500020008;66
35010500020009;84
35010500020010;148
35010500020011;51
35010500020012;154
35010500020013;129
35010500020014;57
35010500020015;63
35010500020016;73
35010500020017;81
35010500020018;60
35010500020019;80
35010500020020;79
35010500020021;43
35010500020022;50
35010500021001;0
35010500030001;143
35010500030002;155
35010500030003;71
35010500030004;89
35010500030005;88
35010500030006;149
35010500030007;100
35010500030008;89
35010500030009;112
35010500030010;102
35010500030011;162
35010500030012;162
35010500030013;72
35010500030014;76
35010500030015;79
35010500031002;0
35010500033001;0
35010500040001;165
35010500040002;78
35010500040003;104
35010500040004;94
35010500040005;116
35010500040006;81
35010500040007;135
35010500040008;75
35010500040009;109
35010500040010;89
35010500040011;130
35010500040012;181
35010500040013;41
35010500040014;128
35010500040015;102
35010500040016;87
35010500040017;100
35010500040018;98
35010500050001;54
35010500050002;61
35010500050003;56
35010500050004;174
35010500050005;132
35010500050006;304
35010500050007;76
35010500050008;44
35010500050009;68
35010500050010;51
35010500050011;33
35010500050012;141
35010500050013;69
35010500050014;92
35010500050015;166
35010500050016;209
35010500050017;215
35010500050018;139
35010500050019;68
35010500050020;117
35010500050021;168
35010500050022;165
35010500050023;63
35010500050024;144
35010500050025;149
35010500050026;242
35010500060001;133
35010500060002;174
35010500060003;146
35010500060004;137
35010500060005;73
35010500060006;55
35010500060007;170
35010500060008;142
35010500060009;93
35010500060010;139
35010500060011;79
35010500060012;51
35010500060013;93
35010500060014;48
35010500060015;88
35010500060016;133
35010500060017;86
35010500060018;83
35010500060019;113
35010500060020;78
35010500060021;59
35010500060022;115
35010500060023;106
35010500060024;215
35010500060025;182
35010500060026;138
35010500060027;150
35010500060028;80
35010500060029;154
35010500060030;134
35010500060031;103
35010500060032;74
35010500060033;112
35010500060034;148
35010500060035;97
35010500060036;157
35010500060037;85
35010500060038;137
35010500060039;61
35010500060040;190
35010500060041;121
35010500060042;152
35010500060043;94
35010500060044;33
35010500060045;113
35010500070001;178
35010500070002;122
35010500070003;149
35010500070004;146
35010500070005;182
35010500070006;236
35010500070007;195
35010500070008;105
35010500070009;151
35010500070010;84
35010500070011;138
35010500070012;112
35010500070013;155
35010500070014;79
35010500070015;92
35010500070016;100
35010500070017;109
35010500070018;71
35010500071001;0
35010500080001;92
35010500080002;122
35010500080003;73
35010500080004;107
35010500080005;114
35010500080006;69
35010500080007;96
35010500080008;108
35010500080009;83
35010500080010;41
35010500080011;92
35010500080012;61
35010500080013;77
35010500080014;117
35010500080015;82
35010500080016;103
35010500080017;54
35010500080018;92
35010500080019;121
35010500080020;68
35010500090001;127
35010500090002;64
35010500090003;99
35010500090004;95
35010500090005;87
35010500090006;93
35010500090007;87
35010500090008;88
35010500090009;70
35010500090010;95
35010500090011;70
35010500090012;55
35010500090013;73
35010500090014;82
35010500090015;87
35010500090016;61
35010500090017;60
35010500090018;53
35010500090019;113
35010500090020;59
35010500090021;66
35010500090022;88
35010500090023;72
35010500090024;92
35010500100001;107
35010500100002;61
35010500100003;44
35010500100004;54
35010500100005;15
35010500100006;69
35010500100007;112
35010500100008;60
35010500100009;75
35010500100010;66
35010500100011;24
35010500100012;75
35010500100013;62
35010500100014;141
35010500100015;131
35010500100016;74
35010500100017;71
35010500100018;60
35010500100019;92
35010500100020;54
35010500100021;92
35010500100022;62
35010500100023;61
35010500100024;55
35010500100025;50
35010500110001;86
35010500110002;125
35010500110003;95
35010500110004;65
35010500110005;57
35010500110006;45
35010500110007;66
35010500110008;83
35010500110009;64
35010500110010;151
35010500120001;82
35010500120002;75
35010500120003;67
35010500120004;85
35010500120005;92
35010500120006;42
35010500120007;60
35010500120008;142
35010500120009;110
35010500120010;107
35010500120011;77
35010500120012;112
35010500120013;69
35010500120014;85
35010500120015;109
35010500120016;95
35010500120017;66
35010500120018;85
35010500120019;102
35010500120020;94
35010500120021;103
35010500120022;154
35010500120023;111
35010500120024;120
35010500120025;124
35010500130001;80
35010500130002;77
35010500130003;60
35010500130004;68
35010500130005;115
35010500130006;140
35010500130007;62
35010500130008;56
35010500130009;73
35010500130010;134
35010500130011;85
35010500130012;52
35010500130013;59
35010500130014;43
35010500130015;50
35010500130016;21
35010500140001;183
35010500140002;152
35010500140003;104
35010500140004;112
35010500140005;120
35010500140006;79
35010500140007;92
35010500140008;173
35010500140009;195
35010500140010;103
35010500140011;86
35010500140012;121
35010500140013;131
35010500140014;112
35010500140015;145
35010500140016;161
35010500140017;103
35010500140018;96
35010500140019;92
35010500140020;88
35010500140021;92
35010500140022;109
35010500140023;97
35010500140024;86
35010500140025;159
35010500140026;94
35010500140027;100
35010500140028;78
35010500140029;107
35010500150001;77
35010500150002;95
35010500150003;93
35010500150004;84
35010500150005;115
35010500150006;127
35010500150007;114
35010500150008;93
35010500150009;117
35010500150010;112
35010500150011;127
35010500150012;76
35010500150013;132
35010500150014;136
35010500150015;144
35010500150016;94
35010500150017;127
35010500150018;91
35010500150019;97
35010500150020;147
35010500150021;110
35010500150022;131
35010500150023;80
35010500150024;100
35010500150025;66
35010500150026;77
35010500160001;108
35010500160002;110
35010500160003;129
35010500160004;141
35010500160005;77
35010500160006;131
35010500160007;125
35010500160008;165
35010500160009;85
35010500160010;145
35010500160011;108
35010500160012;97
35010500160013;141
35010500160014;62
35010500170001;162
35010500170002;186
35010500170003;154
35010500170004;99
35010500170005;108
35010500170006;173
35010500170007;147
35010500170008;101
35010500170009;148
35010500170010;199
35010500170011;86
35010500170012;205
35010500180001;79
35010500180002;78
35010500180003;99
35010500180004;85
35010500180005;157
35010500180006;160
35010500180007;185
35010500180008;140
35010500180009;151
35010500180010;148
35010500180011;188
35010500180012;54
35010500180013;98
35010500180014;101
35010500180015;88
35010500180016;91
35010500180017;90
35010500180018;135
35010500180019;117
35010500180020;92
35010500180021;100
35010500180022;136
35010500180023;91
35010500180024;90
35010500180025;80
35010500180026;98
35010500190001;142
35010500190002;120
35010500190003;91
35010500190004;96
35010500190005;98
35010500190006;158
35010500190007;141
35010500190008;95
35010500190009;107
35010500190010;107
35010500190011;140
35010500190012;124
35010500190013;74
35010500190014;122
35010500190015;73
35010500190016;110
35010500190017;105
35010500190018;93
35010500190019;184
35010500190020;135
35010500190021;105
35010500190022;108
35010500190023;118
35010500190024;112
35010500190025;126
35010500190026;110
35010500190027;124
35010500190028;63
35010500190029;159
35010500190030;104
35010500190031;114
35010500190032;199
35010500190033;100
35010600010001;199
35010600010002;226
35010600010003;112
35010600010004;151
35010600010005;25
35010600010006;129
35010600010007;72
35010600010008;98
35010600010009;100
35010600010010;150
35010600010011;80
35010600010012;88
35010600010013;118
35010600010014;127
35010600010015;197
35010600010016;117
35010600010017;76
35010600010018;65
35010600010019;120
35010600010020;120
35010600010021;92
35010600010022;60
35010600010023;90
35010600010024;43
35010600010025;111
35010600010026;35
35010600010027;78
35010600010028;112
35010600010029;123
35010600020001;120
35010600020002;53
35010600020003;66
35010600020004;144
35010600020005;80
35010600020006;254
35010600020007;239
35010600020008;180
35010600020009;101
35010600020010;91
35010600020011;113
35010600020012;108
35010600020013;50
35010600020014;162
35010600020015;161
35010600020016;127
35010600020017;197
35010600020018;78
35010600020019;188
35010600020020;112
35010600020021;117
35010600020022;107
35010600020023;170
35010600020024;147
35010600020025;154
350106000300010000;193
350106000300010000;100
35010600030002;193
35010600030003;119
35010600030004;217
350106000300050000;166
350106000300050000;169
35010600030006;137
350106000300070000;63
350106000300070000;20
350106000300070000;72
35010600030008;285
35010600030009;212
35010600030010;78
350106000400010000;79
350106000400010000;75
35010600040002;70
35010600040003;87
35010600040004;152
35010600040005;134
35010600040006;138
35010600040007;100
35010600040008;95
35010600040009;98
35010600040010;142
35010600040011;47
35010600040012;160
35010600040013;154
35010600040014;132
35010600040015;83
35010600040016;69
35010600050001;140
35010600050002;104
35010600050003;44
35010600050004;36
35010600050005;106
35010600050006;173
35010600050007;120
35010600050008;67
35010600050009;102
35010600050010;107
35010600050011;102
35010600050012;80
35010600050013;122
35010600050014;89
35010600050015;118
35010600050016;60
35010600050017;91
35010600050018;94
35010600050019;58
35010600050020;106
35010600050021;62
35010600050022;50
35010600060001;157
35010600060002;121
35010600060003;126
35010600060004;63
35010600060005;75
35010600060006;97
35010600060007;94
35010600060008;75
35010600060009;136
35010600060010;116
35010600060011;81
35010600060012;127
35010600060013;97
35010600060014;55
35010600060015;55
35010600060016;75
35010600060017;70
35010600060018;44
35010600060019;65
35010600070001;110
35010600070002;88
35010600070003;140
35010600070004;59
35010600070005;137
35010600070006;85
35010600070007;25
35010600070008;91
35010600070009;55
35010600070010;127
35010600070011;109
35010600070012;111
35010600070013;79
35010600070014;53
35010600070015;73
35010600070016;70
35010600070017;66
35010600070018;48
35010600070019;62
35010600070020;36
35010600070021;81
35010600070022;89
35010600070023;62
35010600070024;59
35010600070025;34
35010600070026;57
35010600070027;75
35010600070028;19
35010600070029;57
35010600070030;74
35010600070031;50
35010600070032;67
35010600070033;91
35010600070034;40
35010600080001;114
35010600080002;120
35010600080003;97
35010600080004;97
35010600080005;97
35010600080006;74
35010600080007;68
35010600080008;62
35010600080009;179
35010600080010;72
35010600080011;110
35010600080012;142
35010600080013;76
35010600080014;88
35010600080015;95
35010600080016;96
35010600080017;83
35010600080018;129
35010600080019;77
35010600080020;56
35010600080021;135
35010600080022;124
35010600080023;94
35010600080024;110
35010600090001;122
35010600090002;111
35010600090003;22
35010600090004;57
35010600090005;61
35010600090006;54
35010600090007;48
35010600090008;93
35010600090009;93
35010600090010;132
35010600090011;63
35010600090012;104
35010600090013;66
35010600090014;48
35010600090015;44
35010600100001;75
35010600100002;104
35010600100003;87
35010600100004;42
35010600100005;58
35010600100006;111
35010600100007;151
35010600100008;110
35010600100009;97
35010600100010;66
35010600100011;43
35010600100012;85
35010600100013;92
35010600100014;42
35010600100015;101
35010600100016;73
35010600100017;107
35010600100018;159
35010600100019;61
35010600100020;79
35010600100021;106
35010600100022;58
35010600100023;143
35010600100024;47
35010600100025;66
35010600100026;111
35010600100027;105
35010600100028;149
35010600100029;65
35010600110001;120
35010600110002;101
35010600110003;46
35010600110004;85
35010600110005;57
35010600110006;32
35010600110007;121
35010600110008;93
35010600110009;78
35010600110010;89
35010600110011;60
35010600110012;68
35010600110013;118
35010600110014;108
35010600110015;104
35010600110016;84
35010600110017;115
35010600110018;72
35010600110019;57
35010600110020;73
35010600110021;63
35010600120001;95
35010600120002;112
35010600120003;103
35010600120004;119
35010600120005;114
35010600120006;95
35010600120007;89
35010600120008;87
35010600120009;134
35010600120010;67
35010600120011;39
35010600120012;67
35010600120013;90
35010600120014;136
35010600130001;50
35010600130002;77
35010600130003;98
35010600130004;98
35010600130005;111
35010600130006;93
35010600130007;147
35010600130008;70
35010600130009;57
35010600130010;65
35010600130011;69
35010600130012;115
35010600130013;69
35010600130014;146
35010600130015;67
35010600130016;118
35010600130017;87
35010600130018;92
35010600130019;103
35010600130020;101
35010600130021;59
35010600130022;43
35010600130023;110
35010600130024;120
35010600130025;47
35010600130026;119
35010600130027;119
35010600130028;157
35010600130029;159
35010600130030;48
35010600130031;133
35010600130032;104
35010600130033;77
35010600130034;127
35010600130035;69
35010600130036;98
35010600130037;174
35010600130038;101
35010600130039;162
35010600140001;123
35010600140002;121
35010600140003;177
35010600140004;52
35010600140005;48
35010600140006;64
35010600140007;135
35010600140008;122
35010600140009;86
35010600140010;155
35010600140011;155
35010600140012;165
35010600140013;163
35010600140014;141
35010600140015;133
35010600140016;70
35010600140017;142
35010600140018;141
35010600140019;105
35010600140020;157
35010600150001;110
35010600150002;69
35010600150003;133
35010600150004;88
35010600150005;70
35010600150006;89
35010600150007;98
35010600150008;159
35010600150009;53
35010600150010;51
35010600150011;61
35010600150012;86
35010600150013;74
35010600150014;96
35010600150015;106
35010600150016;113
35010600150017;93
35010600150018;100
35010600160001;99
35010600160002;129
35010600160003;158
35010600160004;140
35010600160005;121
35010600160006;140
35010600160007;47
35010600160008;82
35010600160009;62
35010600160010;92
35010600160011;61
35010600160012;40
35010600160013;80
35010600160014;73
35010600160015;71
35010600160016;52
35010600160017;89
35010600160018;55
35010600160019;102
35010600160020;78
35010600160021;97
35010600160022;110
35010600160023;42
35010600160024;39
35010600160025;83
35010600160026;104
35010600160027;109
35010600160028;112
35010600160029;67
35010600170001;198
35010600170002;129
35010600170003;56
35010600170004;91
35010600170005;100
35010600170006;147
35010600170007;75
35010600170008;200
35010600170009;135
35010600170010;110
35010600170011;114
35010600170012;87
35010600170013;108
35010600170014;80
35010600170015;76
35010600170016;44
35010600170017;66
35010600170018;79
35010600170019;80
35010600170020;123
35010600170021;43
35010600170022;44
35010600170023;71
35010600170024;51
35010600170025;37
35010600170026;95
35010600170027;83
35010600170028;109
35010600170029;61
35010600170030;147
35010600170031;62
35010600170032;50
35010600170033;77
35010600170034;99
35010600170035;79
35010600170036;32
35010600170037;112
35010600170038;148
35010600170039;207
35010600170040;151
35010600170041;131
35010700010001;112
35010700010002;165
35010700010003;116
35010700010004;148
35010700010005;150
35010700010006;111
35010700010007;54
35010700010008;88
35010700010009;89
35010700010010;150
35010700010011;170
35010700010012;121
35010700010013;88
35010700010014;75
35010700010015;97
35010700010016;147
35010700010017;121
35010700010018;99
35010700010019;159
35010700010020;84
35010700010021;127
35010700010022;125
35010700010023;150
35010700010024;118
35010700010025;142
35010700010026;123
35010700010027;69
35010700010028;91
35010700010029;81
35010700010030;114
35010700010031;94
35010700010032;53
35010700010033;83
35010700010034;117
35010700010035;114
35010700020001;79
35010700020002;88
35010700020003;86
35010700020004;71
35010700020005;151
35010700020006;145
35010700020007;103
35010700020008;139
35010700020009;104
35010700020010;80
35010700020011;113
35010700020012;153
35010700020013;154
35010700020014;157
35010700020015;137
35010700020016;120
35010700020017;98
35010700020018;176
35010700020019;127
35010700020020;114
35010700020021;94
35010700020022;143
35010700020023;157
35010700020024;75
35010700020025;112
35010700020026;108
35010700020027;144
35010700020028;130
35010700020029;112
35010700020030;184
35010700020031;215
35010700020032;119
35010700020033;47
35010700020034;141
35010700020035;84
35010700020036;138
35010700020037;71
35010700020038;157
35010700020039;81
35010700020040;92
35010700020041;82
35010700020042;109
35010700020043;140
35010700020044;120
35010700020045;103
35010700020046;96
35010700020047;51
35010700020048;96
35010700020049;101
35010700020050;114
35010700020051;98
35010700020052;115
35010700020053;94
35010700020054;126
35010700020055;101
35010700020056;167
35010700020057;122
35010700020058;124
35010700030001;123
35010700030002;114
35010700030003;93
35010700030004;168
35010700030005;99
35010700030006;108
35010700030007;146
35010700030008;76
35010700030009;109
35010700030010;70
35010700030011;94
35010700030012;113
35010700030013;141
35010700030014;124
35010700030015;126
35010700030016;110
35010700030017;154
35010700030018;69
35010700030019;159
35010700030020;108
35010700030021;78
35010700030022;144
35010700030023;129
35010700030024;116
35010700030025;121
35010700030026;66
35010700030027;146
35010700030028;142
35010700030029;146
35010700030030;94
35010700030031;120
35010700030032;163
35010700030033;115
35010700030034;124
35010700030035;85
35010700030036;110
35010700030037;80
35010700030038;128
35010700030039;103
35010700030040;108
35010700030041;127
35010700030042;99
35010700030043;83
35010700030044;130
35010700030045;120
35010700030046;94
35010700030047;54
35010700030048;89
35010700030049;63
35010700030050;98
35010700030051;81
35010700030052;52
35010700030053;93
35010700040001;117
35010700040002;208
35010700040003;80
35010700040004;99
35010700040005;82
35010700040006;69
35010700040007;72
35010700040008;149
35010700040009;114
35010700040010;97
35010700040011;146
35010700040012;128
35010700040013;133
35010700040014;98
35010700040015;142
35010700040016;89
35010700040017;59
35010700040018;93
35010700040019;76
35010700040020;76
35010700040021;51
35010700040022;107
35010700040023;86
35010700040024;110
35010700040025;32
35010700040026;72
35010700040027;62
35010700040028;78
35010700040029;114
35010700040030;119
35010700040031;72
35010700040032;89
35010700040033;88
35010700040034;100
35010700040035;87
35010700040036;93
35010700040037;125
35010700040038;118
35010700040039;93
35010700040040;130
35010700040041;102
35010700040042;161
35010700040043;53
35010700040044;52
35010700040045;27
35010700040046;55
35010700040047;50
35010700040048;42
35010700040049;70
35010700040050;81
35010700040051;146
35010700040052;144
35010700040053;50
35010700040054;43
35010700040055;40
35010700040056;103
35010700040057;85
35010700040058;150
35010700040059;93
35010700040060;194
35010700050001;100
35010700050002;186
35010700050003;146
35010700050004;84
35010700050005;202
35010700050006;137
35010700050007;79
35010700050008;119
35010700050009;97
35010700050010;127
35010700050011;104
35010700050012;142
35010700050013;72
35010700050014;86
35010700050015;157
35010700050016;90
35010700050017;170
35010700050018;79
35010700050019;141
35010700050020;53
35010700050021;139
35010700050022;129
35010700050023;106
35010700050024;212
35010700050025;126
35010700050026;110
35010700050027;99
35010700050028;135
35010700050029;91
35010700050030;91
35010700050031;174
35010700050032;127
35010700050033;145
35010700050034;152
35010700050035;78
35010700050036;210
35010700050037;157
35010700050038;99
35010700050039;180
35010700050040;181
35010700050041;151
35010700050042;127
35010700050043;129
35010700050044;164
35010700050045;141
35010700050046;121
35010700060001;129
35010700060002;158
35010700060003;77
35010700060004;79
35010700060005;147
35010700060006;117
35010700060007;132
35010700060008;111
35010700060009;189
35010700060010;85
35010700060011;134
35010700060012;91
35010700060013;76
35010700060014;160
35010700060015;184
35010700060016;148
35010700060017;125
35010700060018;157
35010700060019;111
35010700060020;153
35010700060021;201
35010700060022;173
35010700060023;185
35010700060024;132
35010700060025;108
35010700060026;129
35010700060027;120
35010700060028;118
35010700060029;144
35010700060030;106
35010700060031;150
35010700060032;109
35010700070001;110
35010700070002;97
35010700070003;88
35010700070004;52
35010700070005;93
35010700070006;86
35010700070007;152
35010700070008;221
35010700070009;121
35010700070010;88
35010700070011;178
35010700070012;85
35010700070013;34
35010700070014;58
35010700070015;47
35010700070016;58
35010700070017;91
35010700070018;62
35010700070019;73
35010700070020;156
35010700070021;109
35010700070022;107
35010700070023;168
35010700070024;68
35010700070025;178
35010700070026;188
35010700070027;123
35010700070028;118
35010700070029;109
35010700070030;90
35010700070031;77
35010700070032;55
35010700070033;91
35010700070034;64
35010700070035;96
35010700070036;128
35010700070037;81
35010700070038;67
35010700070039;87
35010700070040;110
35010700070041;57
35010700070042;102
35010700070043;92
35010700070044;132
35010700070045;120
35010700070046;102
35010700070047;86
35010700070048;144
35010700070049;83
35010700070050;183
35010700070051;120
35010700070052;114
35010700070053;89
35010700070054;93
35010700070055;79
35010700070056;101
35010700070057;86
35010700070058;143
35010700070059;203
35010700070060;59
35010700070061;57
35010700070062;119
35010700070063;82
35010700080001;79
35010700080002;72
35010700080003;156
35010700080004;79
35010700080005;60
35010700080006;132
35010700080007;82
35010700080008;75
35010700080009;105
35010700080010;113
35010700080011;121
35010700080012;105
35010700080013;82
35010700080014;145
35010700080015;117
35010700080016;83
35010700080017;74
35010700080018;70
35010700080019;91
35010700080020;80
35010700080021;98
35010700080022;137
35010700080023;112
35010700080024;90
35010700080025;91
35010700080026;116
35010700080027;106
35010700080028;90
35010700080029;52
35010700080030;166
35010700080031;133
35010700080032;105
35010700080033;117
35010700080034;147
35010700080035;105
35010700080036;106
35010700080037;108
35010700080038;124
35010700080039;87
35010700080040;159
35010700080041;119
35010700080042;132
35010700080043;112
35010700080044;84
35010700080045;106
35010700080046;149
35010700080047;89
35010700090001;117
35010700090002;223
35010700090003;154
35010700090004;108
35010700090005;147
35010700090006;49
35010700090007;126
35010700090008;125
35010700090009;121
35010700090010;141
35010700090011;97
35010700090012;131
35010700090013;121
35010700090014;77
35010700090015;115
35010700090016;70
35010700090017;134
35010700090018;116
35010700090019;131
35010700090020;71
35010700090021;113
35010700090022;112
35010700090023;107
35010700090024;73
35010700090025;124
35010700090026;140
35010700090027;84
35010700090028;90
35010700090029;79
35010700090030;106
35010700090031;66
35010700090032;155
35010700090033;81
35010700090034;179
35010700090035;119
35010700090036;67
35010700090037;119
35010700090038;127
35010800010001;148
35010800010002;116
35010800010003;135
35010800010004;107
35010800010005;89
35010800010006;161
35010800010007;77
35010800010008;100
35010800010009;114
35010800010010;166
35010800010011;99
35010800010012;153
35010800010013;140
35010800010014;112
35010800010015;112
35010800010016;152
35010800010017;139
35010800010018;78
35010800010019;143
35010800010020;150
35010800010021;100
35010800010022;120
35010800010023;138
35010800010024;69
35010800010025;94
35010800010026;63
35010800010027;80
35010800010028;88
35010800010029;88
35010800010030;111
35010800010031;61
35010800010032;121
35010800010033;119
35010800010034;104
35010800010035;106
35010800010036;94
35010800010037;59
35010800010038;99
35010800010039;169
35010800010040;111
35010800010041;122
35010800010042;135
35010800010043;84
35010800010044;151
35010800010045;82
35010800010046;101
35010800010047;113
35010800010048;112
35010800010049;106
35010800010050;147
35010800010051;144
35010800010052;98
35010800020001;66
35010800020002;101
35010800020003;59
35010800020004;65
35010800020005;57
35010800020006;92
35010800020007;55
35010800020008;68
35010800020009;97
35010800020010;90
35010800020011;141
35010800020012;110
35010800020013;82
35010800020014;38
35010800020015;89
35010800020016;105
35010800020017;76
35010800020018;103
35010800020019;129
35010800020020;110
35010800020021;74
35010800020022;98
35010800020023;151
35010800020024;96
35010800020025;73
35010800020026;142
35010800020027;101
35010800020028;149
35010800020029;162
35010800020030;62
35010800020031;89
35010800020032;92
35010800020033;99
35010800020034;171
35010800020035;133
35010800020036;122
35010800020037;44
35010800020038;50
35010800020039;105
35010800020040;85
35010800020041;86
35010800020042;67
35010800020043;124
35010800020044;79
35010800020045;119
35010800020046;111
35010800020047;64
35010800020048;61
35010800020049;90
35010800020050;104
35010800020051;87
35010800020052;63
35010800020053;67
35010800020054;38
35010800020055;50
35010800020056;62
35010800030001;174
35010800030002;139
35010800030003;73
35010800030004;149
35010800030005;97
35010800030006;140
35010800030007;109
35010800030008;148
35010800030009;105
35010800030010;134
35010800030011;116
35010800030012;74
35010800030013;77
35010800030014;129
35010800030015;114
35010800030016;98
35010800030017;112
35010800030018;98
35010800030019;55
35010800030020;120
35010800030021;144
35010800030022;92
35010800030023;96
35010800030024;165
35010800030025;117
35010800030026;154
35010800030027;134
35010800030028;90
35010800030029;86
35010800030030;70
35010800030031;76
35010800030032;85
35010800030033;68
35010800030034;111
35010800030035;87
35010800030036;95
35010800030037;75
35010800030038;78
35010800030039;90
35010800030040;133
35010800030041;97
35010800030042;136
35010800030043;180
35010800030044;96
35010800030045;74
35010800030046;85
35010800030047;77
35010800030048;96
35010800030049;134
35010800030050;80
35010800030051;101
35010800030052;94
35010800030053;60
35010800030054;105
35010800030055;68
35010800030056;71
35010800030057;70
35010800030058;107
35010800030059;80
35010800030060;70
35010800030061;103
35010800030062;76
35010800030063;76
35010800030064;72
35010800030065;82
35010800030066;86
35010800030067;78
35010800030068;105
35010800030069;129
35010800030070;48
35010800030071;145
35010800030072;108
35010800030073;100
35010800030074;70
35010800030075;162
35010800030076;81
35010800040001;117
35010800040002;129
35010800040003;38
35010800040004;58
35010800040005;84
35010800040006;50
35010800040007;59
35010800040008;58
35010800040009;94
35010800040010;71
35010800040011;98
35010800040012;76
35010800040013;86
35010800040014;97
35010800040015;105
35010800040016;69
35010800040017;121
35010800040018;69
35010800040019;79
35010800040020;61
35010800040021;67
35010800040022;90
35010800040023;39
35010800040024;75
35010800040025;89
35010800040026;85
35010800040027;105
35010800040028;100
35010800040029;74
35010800040030;82
35010800040031;112
35010800040032;77
35010800040033;119
35010800040034;114
35010800040035;110
35010800040036;77
35010800040037;63
35010800040038;119
35010800040039;56
35010800040040;91
35010800050001;187
35010800050002;153
35010800050003;248
35010800050004;181
35010800050005;99
35010800050006;147
35010800050007;199
35010800050008;84
35010800050009;107
35010800050010;103
35010800050011;166
35010800050012;141
35010800050013;108
35010800050014;182
35010800050015;79
35010800050016;84
35010800050017;143
35010800050018;96
35010800050019;51
35010800050020;148
35010800050021;175
35010800050022;178
35010800050023;91
35010800050024;141
35010800050025;140
35010800050026;89
35010800050027;143
35010800050028;56
35010800050029;163
35010800050030;165
35010800050031;106
35010800050032;100
35010800050033;61
35010800050034;113
35010800050035;169
35010800060001;109
35010800060002;161
35010800060003;164
35010800060004;112
35010800060005;145
35010800060006;117
35010800060007;126
35010800060008;146
35010800060009;124
35010800060010;82
35010800060011;114
35010800060012;107
35010800060013;89
35010800060014;72
35010800060015;87
35010800060016;101
35010800060017;83
35010800060018;110
35010800060019;124
35010800060020;108
35010800060021;97
35010800060022;125
35010800060023;70
35010800060024;83
35010800060025;89
35010800060026;128
35010800060027;75
35010800060028;95
35010800060029;79
35010800060030;113
35010800060031;64
35010800060032;173
35010800060033;163
35010800060034;167
35010800070001;41
35010800070002;28
35010800070003;74
35010800070004;96
35010800070005;89
35010800070006;101
35010800070007;99
35010800070008;117
35010800070009;142
35010800070010;100
35010800070011;101
35010800070012;49
35010800070013;112
35010800070014;172
35010800070015;160
35010800070016;72
35010800070017;111
35010800070018;32
35010800070019;159
35010800070020;107
35010800070021;72
35010800070022;63
35010800070023;66
35010800070024;67
35010800070025;88
35010800070026;55
35010800070027;39
35010800070028;66
35010800070029;84
35010800070030;91
35010800070031;114
35010800070032;142
35010800070033;60
35010800070034;66
35010800070035;84
35010800070036;104
35010800070037;53
35010800070038;72
35010800070039;97
35010800070040;86
35010800070041;45
35010800070042;50
35010800070043;113
35010800070044;99
35010800070045;57
35010800070046;109
35010800070047;111
35010800070048;205
35010800070049;87
35010800070050;64
35010800070051;74
35010800070052;164
35010800070053;63
35010800080001;144
35010800080002;140
35010800080003;134
35010800080004;129
35010800080005;158
35010800080006;109
35010800080007;121
35010800080008;167
35010800080009;141
35010800080010;149
35010800080011;108
35010800080012;169
35010800080013;138
35010800080014;165
35010800080015;129
35010800080016;152
35010800080017;154
35010800080018;145
35010800080019;112
35010800080020;69
35010800080021;154
35010800080022;207
35010800080023;139
35010800080024;238
35010800080025;201
35010800080026;184
35010800080027;266
35010800080028;150
35010800080029;131
35010800080030;129
35010800080031;110
35010800080032;129
35010800080033;64
35010800080034;96
35010800080035;69
35010800080036;94
35010800080037;119
35010800080038;92
35010800080039;162
35010800080040;114
35010800080041;86
35010800080042;138
35010800080043;155
35010800080044;144
35010800080045;106
35010800080046;116
35010800080047;91
35010800080048;126
35010800080049;180
35010800080050;182
35010800080051;135
35010800080052;129
35010800080053;113
35010800080054;86
35010800080055;125
35010800080056;103
35010800080057;153
35010900010001;186
35010900010002;118
35010900010003;101
35010900010004;98
35010900010005;83
35010900010006;122
35010900010007;139
35010900010008;157
35010900010009;157
35010900010010;194
35010900010011;123
35010900010012;177
35010900010013;96
35010900010014;97
35010900010015;166
35010900010016;51
35010900010017;91
35010900010018;166
35010900010019;32
35010900010020;118
35010900010021;36
35010900010022;65
35010900020001;69
35010900020002;116
35010900020003;100
35010900020004;124
35010900020005;102
35010900020006;97
35010900020007;132
35010900020008;68
35010900020009;165
35010900020010;39
35010900020011;68
35010900020012;82
35010900020013;101
35010900020014;169
35010900020015;66
35010900030001;126
35010900030002;125
35010900030003;167
35010900030004;140
35010900030005;79
35010900030006;95
35010900030007;86
35010900030008;95
35010900030009;79
35010900030010;24
35010900030011;112
35010900030012;122
35010900030013;111
35010900030014;49
35010900030015;112
35010900030016;135
35010900030017;97
35010900030018;162
35010900030019;34
35010900030020;63
35010900030021;117
35010900030022;106
35010900030023;72
35010900030024;136
35010900030025;51
35010900030026;72
35010900030027;118
35010900030028;36
35010900030029;95
35010900030030;119
35010900030031;66
35010900030032;104
35010900030033;151
35010900030034;119
35010900030035;110
35010900030036;68
35010900030037;58
35010900030038;74
35010900030039;139
35010900030040;160
35010900030041;141
35010900030042;85
35010900030043;76
35010900030044;96
35010900030045;91
35010900030046;100
35010900030047;75
35010900030048;142
35010900030049;87
35010900030050;66
35010900030051;115
35010900030052;78
35010900040001;154
35010900040002;47
35010900040003;156
35010900040004;137
35010900040005;112
35010900040006;174
35010900040007;144
35010900040008;183
35010900040009;89
35010900040010;114
35010900040011;137
35010900040012;108
35010900040013;115
35010900040014;115
35010900040015;145
35010900040016;63
35010900040017;110
35010900040018;89
35010900040019;61
35010900040020;80
35010900040021;70
35010900040022;87
35010900040023;77
35010900040024;62
35010900040025;113
35010900040026;105
35010900040027;64
35010900040028;59
35010900040029;121
35010900040030;104
35010900040031;106
35010900040032;91
35010900040033;110
35010900040034;116
35010900040035;136
35010900040036;142
35010900040037;91
35010900040038;74
35010900040039;139
35010900040040;121
35010900040041;159
35010900040042;143
35010900040043;165
35010900040044;84
35010900040045;152
35010900040046;113
35010900040047;83
35010900040048;144
35010900040049;136
35010900040050;105
35010900040051;119
35010900040052;111
35010900040053;121
35010900040054;134
35010900040055;187
35010900040056;179
35010900040057;91
35010900040058;91
35010900040059;103
35010900040060;124
35010900040061;107
35010900040062;156
35010900040063;136
35010900040064;156
35010900040065;82
35010900040066;78
35010900040067;132
35010900040068;64
35010900050001;110
35010900050002;100
35010900050003;49
35010900050004;151
35010900050005;88
35010900050006;128
35010900050007;159
35010900050008;162
35010900050009;70
35010900050010;121
35010900050011;76
35010900050012;154
35010900050013;152
35010900050014;91
35010900050015;52
35010900050016;115
35010900050017;79
35010900050018;113
35010900050019;122
35010900050020;124
35010900050021;166
35010900050022;85
35010900050023;155
35010900050024;175
35010900050025;109
35010900050026;93
35010900050027;99
35010900050028;194
35010900050029;201
35010900050030;97
35010900050031;101
35010900050032;104
35010900050033;66
35010900050034;64
35010900050035;140
35010900050036;128
35010900050037;197
35010900050038;99
35010900050039;121
35010900050040;101
35010900050041;117
35010900050042;101
35010900050043;146
35010900050044;134
35010900050045;153
35010900050046;71
35010900050047;76
35010900050048;120
35010900050049;147
35010900050050;89
35010900050051;107
35010900050052;95
35010900050053;105
35010900050054;71
35010900050055;43
35010900050056;111
35010900050057;42
35010900050058;64
35010900060001;50
35010900060002;50
35010900060003;71
35010900060004;92
35010900060005;66
35010900060006;74
35010900060007;101
35010900060008;50
35010900060009;101
35010900060010;56
35010900060011;62
35010900060012;47
35010900060013;97
35010900060014;63
35010900060015;173
35010900060016;47
35010900060017;94
35010900060018;106
35010900060019;81
35010900060020;62
35010900060021;82
35010900060022;61
35010900060023;100
35010900060024;127
35010900060025;25
35010900060026;111
35010900060027;137
35010900060028;67
35010900060029;121
35010900060030;65
35010900060031;82
35010900060032;140
35010900060033;120
35010900060034;84
35010900060035;48
35010900060036;65
35010900060037;87
35010900060038;98
35010900060039;94
35010900060040;75
35010900060041;162
35010900060042;83
35010900060043;78
35010900060044;57
35010900060045;108
35010900060046;43
35010900060047;88
35010900060048;49
35010900060049;99
35010900060050;75
35010900060051;89
35010900060052;106
35010900060053;102
35010900060054;73
35010900060055;111
35010900060056;132
35010900060057;77
35010900060058;125
35010900060059;54
35010900060060;76
35010900060061;95
35010900060062;100
35010900062001;0
35010900070001;158
35010900070002;134
35010900070003;147
35010900070004;98
35010900070005;62
35010900070006;74
35010900070007;120
35010900070008;79
35010900070009;117
35010900070010;84
35010900070011;96
35010900070012;92
35010900070013;63
35010900070014;64
35010900070015;55
35010900070016;131
35010900070017;69
35010900070018;64
35010900070019;74
35010900070020;67
35010900070021;120
35010900070022;102
35010900070023;62
35010900070024;73
35010900070025;140
35010900070026;118
35010900070027;67
35010900070028;52
35010900070029;68
35010900070030;107
35010900070031;89
35010900070032;59
35010900070033;28
35010900070034;56
35010900070035;105
35010900070036;93
35010900070037;31
35010900070038;102
35010900070039;102
35010900070040;109
35010900070041;65
35010900070042;5
35010900070043;42
35010900070044;86
35010900070045;29
35010900070046;51
35010900070047;96
35010900070048;107
35010900070049;119
35010900070050;58
35010900070051;88
35010900070052;61
35010900070053;80
35010900070054;57
35010900070055;84
35010900070056;108
35010900070057;77
35010900070058;77
35010900070059;100
35010900070060;87
35010900070061;124
35010900070062;123
35010900070063;53
35010900070064;106
35010900070065;87
35010900070066;62
35010900070067;84
35010900070068;85
35010900070069;87
35010900070070;100
35010900080001;112
35010900080002;65
35010900080003;73
35010900080004;88
35010900080005;96
35010900080006;105
35010900080007;97
35010900080008;85
35010900080009;135
35010900080010;84
35010900080011;31
35010900080012;92
35010900080013;73
35010900080014;87
35010900080015;70
35010900080016;52
35010900080017;35
35010900080018;90
35010900080019;62
35010900080020;55
35010900080021;127
35010900080022;62
35010900080023;81
35010900080024;84
35010900080025;179
35010900080026;90
35010900080027;107
35010900080028;68
35010900080029;126
35010900080030;81
35010900080031;109
35010900080032;77
35010900080033;87
35010900080034;53
35010900080035;66
35010900080036;112
35010900080037;72
35010900080038;105
35010900080039;75
35010900080040;45
35010900090001;85
35010900090002;102
35010900090003;160
35010900090004;133
35010900090005;143
35010900090006;118
35010900090007;139
35010900090008;110
35010900090009;138
35010900090010;134
35010900090011;128
35010900090012;73
35010900090013;129
35010900090014;57
35010900090015;61
35010900090016;39
35010900090017;74
35010900090018;95
35010900090019;75
35010900090020;89
35010900090021;95
35010900090022;61
35010900090023;112
35010900090024;101
35010900090025;116
35010900090026;72
35010900090027;132
35010900090028;148
35010900090029;151
35010900090030;121
35010900090031;161
35010900090032;163
35010900090033;113
35010900090034;136
35010900090035;129
35010900090036;64
35010900090037;147
35010900090038;135
35010900090039;82
35010900090040;87
35010900090041;33
35010900090042;53
35010900090043;58
35010900090044;75
35010900090045;105
35010900090046;165
35010900090047;120
35010900090048;45
35010900090049;104
35010900090050;86
35010900090051;92
35010900090052;62
35010900090053;58
35010900100001;106
35010900100002;63
35010900100003;106
35010900100004;103
35010900100005;88
35010900100006;85
35010900100007;64
35010900100008;86
35010900100009;82
35010900100010;93
35010900100011;103
35010900100012;88
35010900100013;74
35010900100014;130
35010900100015;69
35010900100016;92
35010900100017;91
35010900100018;111
35010900100019;102
35010900100020;67
35010900100021;72
35010900100022;96
35010900100023;87
35010900100024;93
35010900100025;103
35010900100026;76
35010900100027;78
35010900100028;79
35010900100029;99
35010900100030;70
35010900100031;71
35010900100032;110
35010900100033;59
35010900100034;94
35010900100035;102
35010900100036;106
35010900100037;70
35010900100038;74
35010900100039;106
35010900100040;80
35010900110001;98
35010900110002;81
35010900110003;75
35010900110004;49
35010900110005;70
35010900110006;97
35010900110007;100
35010900110008;96
35010900110009;50
35010900110010;85
35010900110011;46
35010900110012;70
35010900110013;68
35010900110014;68
35010900110015;76
35010900110016;37
35010900110017;65
35010900110018;106
35010900110019;106
35010900110020;96
35010900110021;87
35010900110022;81
35010900110023;75
35010900110024;126
35010900110025;84
35010900110026;89
35010900110027;112
35010900110028;96
35010900110029;93
35010900110030;83
35010900110031;120
35010900110032;82
35010900110033;40
35011000010001;117
35011000010002;163
35011000010003;108
35011000010004;69
35011000010005;137
35011000010006;101
35011000010007;72
35011000010008;89
35011000010009;91
35011000010010;76
35011000010011;82
35011000010012;154
35011000010013;88
35011000010014;94
35011000010015;99
35011000010016;145
35011000010017;100
35011000010018;99
35011000010019;131
35011000010020;57
35011000010021;106
35011000010022;89
35011000010023;109
35011000010024;98
35011000010025;140
35011000010026;164
35011000010027;178
35011000010028;276
35011000010029;80
35011000010030;175
35011000010031;238
35011000010032;167
35011000010033;181
35011000010034;88
35011000010035;132
35011000010036;173
35011000010037;163
35011000020001;184
35011000020002;142
35011000020003;120
35011000020004;169
35011000020005;145
35011000020006;194
35011000020007;143
35011000020008;123
35011000020009;50
35011000020010;123
35011000020011;121
35011000020012;90
35011000020013;71
35011000020014;60
35011000020015;115
35011000020016;108
35011000020017;115
35011000020018;73
35011000020019;139
35011000020020;137
35011000020021;125
35011000020022;98
35011000020023;147
35011000020024;74
35011000020025;117
35011000020026;135
35011000020027;112
35011000020028;77
35011000020029;117
35011000020030;171
35011000020031;156
35011000020032;153
35011000020033;214
35011000020034;197
35011000020035;112
35011000020036;138
35011000020037;179
35011000020038;101
35011000030001;154
35011000030002;100
35011000030003;203
35011000030004;147
35011000030005;151
35011000030006;163
35011000030007;180
35011000030008;192
35011000030009;133
35011000030010;172
35011000030011;105
35011000030012;181
35011000030013;120
35011000030014;112
35011000030015;143
35011000030016;206
35011000030017;185
35011000030018;220
35011000030019;199
35011000030020;166
35011000030021;216
35011000030022;243
35011000030023;185
35011000030024;179
35011000030025;170
35011000030026;155
35011000030027;98
35011000040001;126
35011000040002;59
35011000040003;115
35011000040004;101
35011000040005;126
35011000040006;82
35011000040007;98
35011000040008;72
35011000040009;145
35011000040010;145
35011000040011;135
35011000040012;195
35011000040013;150
35011000040014;227
35011000040015;118
35011000040016;124
35011000040017;256
35011000040018;139
35011000040019;142
35011000040020;287
35011000040021;98
35011000040022;104
35011000040023;154
35011000040024;109
35011000040025;83
35011000040026;79
35011000040027;104
35011000040028;155
35011000040029;76
35011000040030;136
35011000040031;84
35011000040032;130
35011000040033;141
35011000040034;144
35011000040035;135
35011000040036;130
35011000040037;218
35011000040038;132
35011000040039;159
35011000040040;111
35011000050001;120
35011000050002;135
35011000050003;114
35011000050004;148
35011000050005;106
35011000050006;130
35011000050007;96
35011000050008;152
35011000050009;134
35011000050010;123
35011000050011;109
35011000050012;106
35011000050013;137
35011000050014;167
35011000050015;101
35011000050016;127
35011000050017;105
35011000060001;241
35011000060002;122
35011000060003;162
35011000060004;188
35011000060005;117
35011000060006;117
35011000060007;153
35011000060008;146
35011000060009;76
35011000060010;89
35011000060011;103
35011000060012;64
35011000060013;82
35011000060014;78
35011000060015;90
35011000060016;161
35011000060017;120
35011000060018;123
35011000060019;124
35011000060020;130
35011000060021;97
35011000060022;70
35011000060023;98
35011000060024;111
35011000060025;220
35011000060026;148
35011000060027;132
35011000060028;163
35011000060029;146
35011000060030;97
35011000070001;122
35011000070002;89
35011000070003;134
35011000070004;67
35011000070005;52
35011000070006;159
35011000070007;121
35011000070008;126
35011000070009;118
35011000070010;117
35011000070011;234
35011000070012;281
35011000070013;180
35011000070014;89
35011000070015;96
35011000070016;124
35011000070017;54
35011000070018;76
35011000070019;137
35011000070020;129
35011000070021;149
35011000070022;123
35011000070023;120
35011000070024;124
35011000070025;115
35011000070026;111
35011000070027;100
35011000070028;123
35011000070029;102
35011000075001;0
35011000075002;0
35011000080001;206
35011000080002;172
35011000080003;112
35011000080004;140
35011000080005;124
35011000080006;41
35011000080007;193
35011000080008;101
35011000080009;150
35011000080010;163
35011000080011;195
35011000080012;178
35011000080013;221
35011000080014;141
35011000080015;251
35011000080016;313
35011000080017;178
35011000080018;118
35011000080019;181
35011000080020;213
35011000080021;206
35011000080022;202
35011000080023;168
35011000080024;197
35011000080025;149
35011000080026;126
35011000080027;125
35011000080028;347
35011000080029;327
35011000080030;153
35011000080031;132
35011000080032;110
35011000080033;103
35011000080034;164
35011000080035;145
35011000080036;198
35011000080037;175
35011000080038;158
350110000800_CSN_JATIGUNUNG;1
35011000090001;174
35011000090002;198
35011000090003;170
35011000090004;143
35011000090005;207
35011000090006;183
35011000090007;132
35011000090008;172
35011000090009;184
35011000090010;156
35011000090011;163
35011000090012;160
35011000090013;150
35011000090014;129
35011000090015;311
35011000090016;137
35011000090017;111
35011000090018;113
35011000090019;172
35011000090020;154
35011000090021;168
35011000090022;131
35011000090023;107
35011000090024;109
35011000090025;127
35011000090026;91
35011000090027;57
35011000090028;72
35011000090029;64
35011000090030;86
35011000090031;93
35011000090032;171
35011000090033;151
35011000090034;196
35011000090035;141
35011000090036;146
35011000090037;126
35011000090038;222
35011000090039;187
35011000090040;87
35011000090041;140
35011000090042;142
35011000090043;144
35011000090044;149
35011000090045;83
35011000090046;126
35011000090047;154
35011000090048;163
35011000090049;100
35011000090050;96
35011000090051;165
35011000090052;101
35011000090053;80
35011000090054;149
35011000090055;187
35011000090056;138
35011000090057;190
35011000090058;120
35011000090059;177
35011000090060;118
35011000090061;125
35011000090062;152
35011000100001;209
35011000100002;178
35011000100003;263
35011000100004;235
35011000100005;221
35011000100006;145
35011000100007;133
35011000100008;137
35011000100009;157
35011000100010;117
35011000100011;122
35011000100012;112
35011000100013;112
35011000100014;110
35011000100015;162
35011000100016;93
35011000100017;101
35011000100018;184
35011000110001;271
35011000110002;174
35011000110003;163
35011000110004;205
35011000110005;217
35011000110006;196
35011000110007;157
35011000110008;203
35011000110009;209
35011000110010;172
35011000110011;213
35011000110012;140
35011000110013;323
35011000110014;221
35011000110015;243
35011000110016;195
35011000110017;127
35011000110018;192
35011000110019;212
35011000110020;146
35011000120001;196
35011000120002;184
35011000120003;92
35011000120004;137
35011000120005;92
35011000120006;96
35011000120007;149
35011000120008;92
35011000120009;84
35011000120010;162
35011000120011;184
35011000120012;189
35011000120013;150
35011000120014;242
35011000120015;195
35011000120016;86
35011000120017;133
35011000120018;236
35011000120019;179
35011000120020;106
35011000120021;213
35011000120022;141
35011000120023;130
35011000120024;130
35011000120025;225
35011000120026;192
35011000120027;141
35011000120028;223
35011000120029;183
35011000120030;152
35011000130001;118
35011000130002;122
35011000130003;63
35011000130004;115
35011000130005;98
35011000130006;97
35011000130007;118
35011000130008;118
35011000130009;119
35011000130010;124
35011000130011;153
35011000130012;53
35011000130013;127
35011000130014;133
35011000130015;150
35011000130016;129
35011000130017;128
35011000130018;148
35011000130019;73
35011000130020;161
35011000130021;73
35011000130022;159
35011000130023;206
35011000130024;179
35011000130025;115
35011000130026;132
35011000130027;79
35011000130028;89
35011000130029;204
35011000130030;159
35011000130031;202
35011000130032;229
35011000130033;167
35011000130034;127
35011000130035;188
35011000130036;223
35011000130037;198
35011000140001;166
35011000140002;119
35011000140003;156
35011000140004;231
35011000140005;223
35011000140006;104
35011000140007;152
35011000140008;160
35011000140009;100
35011000140010;86
35011000140011;155
35011000140012;123
35011000140013;152
35011000140014;229
35011000140015;150
35011000140016;125
35011000140017;90
35011000140018;162
35011000140019;163
35011000140020;164
35011000140021;83
35011000140022;159
35011000140023;163
35011000140024;108
35011000140025;146
35011000140026;120
35011000140027;144
35011000140028;136
35011000140029;132
35011000140030;170
35011000140031;149
35011000140032;134
35011000140033;127
35011000140034;102
35011000150001;219
35011000150002;102
35011000150003;142
35011000150004;67
35011000150005;116
35011000150006;92
35011000150007;146
35011000150008;123
35011000150009;208
35011000150010;213
35011000150011;129
35011000150012;112
35011000150013;121
35011000150014;137
35011000150015;122
35011000150016;185
35011000150017;111
35011000150018;209
35011000150019;116
35011000150020;139
35011000150021;207
35011000150022;136
35011000150023;122
35011000150024;142
35011000150025;158
35011000150026;110
35011000150027;162
35011000150028;172
35011000150029;169
35011000150030;106
35011000150031;166
35011000150032;142
35011000150033;170
35011000150034;258
35011000150035;166
35011000150036;190
35011000150037;182
35011000160001;203
35011000160002;188
35011000160003;91
35011000160004;102
35011000160005;117
35011000160006;105
35011000160007;52
35011000160008;103
35011000160009;226
35011000160010;102
35011000160011;172
35011000160012;89
35011000160013;131
35011000160014;96
35011000160015;193
35011000160016;195
35011000160017;274
35011000160018;141
35011000160019;253
35011000160020;162
35011000160021;130
35011000160022;94
35011000160023;125
35011000160024;119
35011000160025;174
35011000160026;160
35011000160027;147
35011000160028;144
35011000160029;45
35011000160030;118
35011000160031;105
35011000160032;127
35011000160033;141
35011000160034;107
35011000160035;162
35011000160036;193
35011000160037;92
35011000160038;282
35011000160039;171
35011000160040;127
35011000160041;103
35011000160042;208
35011000160043;227
35011000160044;115
35011000160045;202
35011000160046;205
35011000160047;136
35011000160048;154
35011000160049;180
35011000160050;202
35011000160051;160
35011000160052;219
35011000160053;176
35011000160054;169
35011000160055;129
35011000160056;158
35011100010001;81
35011100010002;59
35011100010003;60
35011100010004;51
35011100010005;106
35011100010006;113
35011100010007;105
35011100010008;86
35011100010009;92
35011100010010;93
35011100010011;83
35011100010012;66
35011100010013;89
35011100010014;75
35011100010015;33
35011100010016;58
35011100010017;16
35011100010018;68
35011100010019;169
35011100010020;90
35011100010021;182
35011100010022;68
35011100010023;71
35011100010024;57
35011100010025;166
35011100010026;75
35011100010027;71
35011100010028;55
35011100010029;63
35011100010030;92
35011100010031;67
35011100010032;77
35011100010033;63
35011100010034;78
35011100010035;65
35011100010036;154
35011100010037;172
35011100010038;158
35011100010039;222
35011100010040;205
35011100010041;223
35011100010042;259
35011100011001;0
35011100020001;78
35011100020002;123
35011100020003;106
35011100020004;76
35011100020005;106
35011100020006;138
35011100020007;121
35011100020008;58
35011100020009;95
35011100020010;78
35011100020011;128
35011100020012;106
35011100020013;132
35011100020014;120
35011100020015;179
35011100020016;112
35011100020017;159
35011100020018;142
35011100020019;90
35011100020020;152
35011100020021;65
35011100020022;97
35011100020023;90
35011100020024;123
35011100020025;163
35011100020026;60
35011100020027;144
35011100020028;143
35011100020029;186
35011100020030;193
35011100021001;0
35011100021002;0
35011100021003;0
35011100030001;108
35011100030002;113
35011100030003;72
35011100030004;112
35011100030005;104
35011100030006;98
35011100030007;108
35011100030008;93
35011100030009;97
35011100030010;102
35011100030011;172
35011100030012;49
35011100030013;72
35011100030014;98
35011100030015;119
35011100030016;96
35011100030017;103
35011100031001;0
35011100040001;72
35011100040002;106
35011100040003;83
35011100040004;58
35011100040005;89
35011100040006;91
35011100040007;110
35011100040008;104
35011100040009;135
35011100040010;57
35011100040011;57
35011100040012;84
35011100040013;91
35011100040014;54
35011100040015;135
35011100040016;94
35011100040017;162
35011100040018;69
35011100040019;117
35011100040020;107
35011100040021;112
35011100040022;80
35011100050001;156
35011100050002;119
35011100050003;113
35011100050004;88
35011100050005;105
35011100050006;112
35011100050007;98
35011100050008;117
35011100050009;142
35011100050010;146
35011100050011;216
35011100050012;157
35011100050013;159
35011100050014;184
35011100050015;181
35011100050016;137
35011100050017;128
35011100050018;227
35011100050019;180
35011100050020;171
35011100050021;117
35011100050022;111
35011100050023;153
35011100050024;174
35011100050025;149
35011100050026;194
35011100050027;219
35011100050028;204
35011100060001;84
35011100060002;104
35011100060003;86
35011100060004;117
35011100060005;85
35011100060006;88
35011100060007;154
35011100060008;128
35011100060009;112
35011100060010;130
35011100060011;73
35011100060012;110
35011100060013;84
35011100060014;159
35011100060015;66
35011100060016;78
35011100060017;55
35011100060018;28
35011100060019;59
35011100060020;68
35011100060021;65
35011100060022;91
35011100060023;94
350111000600_CSN_PASAR_WIYORO;1
35011100061001;0
35011100070001;87
35011100070002;39
35011100070003;83
35011100070004;108
35011100070005;80
35011100070006;174
35011100070007;211
35011100070008;68
35011100070009;89
35011100070010;77
35011100070011;89
35011100070012;92
35011100070013;93
35011100070014;63
35011100070015;139
35011100070016;143
35011100070017;66
35011100070018;73
35011100080001;182
35011100080002;221
35011100080003;132
35011100080004;96
35011100080005;159
35011100080006;101
35011100080007;104
35011100080008;113
35011100080009;134
35011100080010;161
35011100080011;128
35011100080012;127
35011100081001;0
35011100090001;79
35011100090002;130
35011100090003;97
35011100090004;232
35011100090005;156
35011100090006;95
35011100090007;130
35011100090008;84
35011100090009;109
35011100090010;73
35011100090011;107
35011100090012;117
35011100090013;257
35011100090014;142
35011100090015;137
35011100090016;258
35011100090017;102
35011100090018;146
35011100090019;109
35011100090020;134
35011100090021;197
35011100090022;94
35011100100001;109
35011100100002;111
35011100100003;88
35011100100004;94
35011100100005;164
35011100100006;202
35011100100007;103
35011100100008;100
35011100100009;91
35011100100010;65
35011100100011;129
35011100100012;120
35011100100013;125
35011100100014;84
35011100100015;84
35011100100016;94
35011100100017;99
35011100100018;113
35011100100019;81
35011100100020;77
35011100110001;92
35011100110002;70
35011100110003;71
35011100110004;164
35011100110005;79
35011100110006;111
35011100110007;80
35011100110008;86
35011100110009;95
35011100110010;126
35011100110011;100
35011100110012;118
35011100110013;133
35011100110014;154
35011100110015;58
35011100110016;105
35011100110017;114
35011100110018;139
35011100120001;63
35011100120002;96
35011100120003;52
35011100120004;76
35011100120005;126
35011100120006;73
35011100120007;97
35011100120008;48
35011100120009;119
35011100120010;52
35011100120011;82
35011100120012;84
35011100120013;68
35011100120014;142
35011100120015;66
35011100120016;62
35011100120017;98
35011100120018;96
35011100120019;106
35011100120020;104
35011100120021;109
35011100130001;174
35011100130002;97
35011100130003;129
35011100130004;85
35011100130005;137
35011100130006;88
35011100130007;99
35011100130008;111
35011100140001;83
35011100140002;56
35011100140003;46
35011100140004;73
35011100140005;52
35011100140006;48
35011100140007;44
35011100140008;49
35011100140009;54
35011100140010;114
35011100140011;84
35011100140012;45
35011100140013;68
35011100140014;102
35011100140015;80
35011100140016;80
35011100140017;148
35011100140018;105
35011100140019;82
35011100140020;88
35011100140021;142
35011100140022;83
35011100140023;118
35011100140024;128
35011100140025;97
35011100140026;102
35011100140027;75
35011100140028;158
35011100140029;91
35011100140030;131
35011100140031;97
35011100140032;100
35011100140033;62
35011100140034;59
35011100140035;99
35011100140036;62
35011100140037;98
35011100140038;108
35011100140039;87
35011100140040;150
35011100140041;100
35011100140042;78
35011100140043;84
35011100140044;70
35011100150001;65
35011100150002;45
35011100150003;111
35011100150004;16
35011100150005;102
35011100150006;47
35011100150007;73
35011100150008;106
35011100150009;54
35011100150010;55
35011100150011;52
35011100150012;37
35011100150013;26
35011100150014;69
35011100150015;64
35011100150016;67
35011100150017;76
35011100150018;101
35011100150019;116
35011100150020;47
35011100160001;110
35011100160002;114
35011100160003;102
35011100160004;87
35011100160005;64
35011100160006;76
35011100160007;77
35011100160008;64
35011100160009;89
35011100160010;75
35011100160011;101
35011100160012;109
35011100160013;70
35011100160014;120
35011100160015;81
35011100160016;67
35011100160017;49
35011100160018;60
35011100160019;83
35011100160020;86
35011100160021;90
35011100160022;121
35011100160023;118
35011100160024;104
35011100160025;67
35011100160026;113
35011100160027;111
35011100160028;111
35011100160029;141
35011100160030;111
35011100160031;82
35011100160032;69
35011100160033;99
35011100160034;90
35011100160035;84
35011100170001;82
35011100170002;105
35011100170003;71
35011100170004;87
35011100170005;50
35011100170006;79
35011100170007;73
35011100170008;61
35011100170009;84
35011100170010;75
35011100170011;90
35011100170012;77
35011100170013;83
35011100170014;65
35011100170015;80
35011100170016;67
35011100170017;70
35011100170018;89
35011100170019;117
35011100170020;83
35011100170021;78
35011100170022;83
35011100170023;108
35011100180001;114
35011100180002;83
35011100180003;77
35011100180004;69
35011100180005;85
35011100180006;78
35011100180007;100
35011100180008;92
35011100180009;78
35011100180010;123
35011100180011;111
35011100180012;88
35011100180013;88
35011100180014;80
35011100180015;57
35011100180016;114
35011100180017;92
35011100180018;99
35011100180019;96
35011100180020;87
35011100180021;84
35011100180022;84
35011100180023;76
35011100180024;94
35011100180025;105
35011100180026;88
35011100180027;99
35011100180028;109
35011100180029;79
35011100180030;103
35011100180031;96
35011100180032;97
35011200010001;102
35011200010002;92
35011200010003;39
35011200010004;37
35011200010005;86
35011200010006;129
35011200010007;86
35011200010008;79
35011200010009;53
35011200010010;63
35011200010011;54
35011200010012;94
35011200010013;65
35011200010014;40
35011200010015;38
35011200010016;106
35011200010017;94
35011200010018;152
35011200010019;110
35011200010020;49
35011200010021;32
35011200010022;43
35011200010023;46
35011200010024;74
35011200010025;56
35011200010026;89
35011200010027;75
35011200010028;88
35011200010029;96
35011200010030;61
35011200010031;177
35011200010032;85
35011200010033;129
35011200010034;50
35011200010035;65
35011200010036;29
35011200010037;45
35011200012001;0
35011200020001;65
35011200020002;54
35011200020003;73
35011200020004;77
35011200020005;71
35011200020006;95
35011200020007;79
35011200020008;75
35011200020009;85
35011200020010;97
35011200020011;98
35011200020012;94
35011200020013;80
35011200020014;64
35011200020015;54
35011200020016;93
35011200020017;43
35011200020018;96
35011200020019;68
35011200020020;69
35011200020021;108
35011200020022;98
35011200020023;81
35011200020024;82
35011200020025;82
35011200020026;92
35011200020027;90
35011200020028;78
35011200020029;91
35011200020030;61
35011200020031;76
35011200020032;74
35011200020033;61
35011200020034;61
35011200020035;144
35011200020036;57
35011200020037;42
35011200020038;72
35011200020039;83
35011200020040;68
35011200020041;75
35011200020042;92
35011200020043;74
35011200021001;0
35011200030001;49
35011200030002;136
35011200030003;58
35011200030004;104
35011200030005;105
35011200030006;113
35011200030007;101
35011200030008;38
35011200030009;95
35011200030010;44
35011200030011;80
35011200030012;70
35011200030013;74
35011200030014;68
35011200030015;52
35011200030016;74
35011200030017;56
35011200030018;57
35011200030019;55
35011200030020;87
35011200030021;83
35011200030022;82
35011200030023;92
35011200030024;50
35011200030025;74
35011200030026;58
35011200030027;41
35011200030028;81
35011200030029;85
35011200030030;76
35011200030031;56
35011200030032;93
35011200030033;64
35011200032001;0
35011200040001;115
35011200040002;138
35011200040003;93
35011200040004;65
35011200040005;69
35011200040006;94
35011200040007;62
35011200040008;68
35011200040009;90
35011200040010;91
35011200040011;80
35011200040012;99
35011200040013;73
35011200040014;120
35011200040015;142
35011200040016;91
35011200040017;62
35011200040018;60
35011200040019;85
35011200040020;85
35011200040021;97
35011200040022;82
35011200040023;117
35011200040024;147
35011200040025;112
35011200040026;99
35011200040027;83
35011200040028;145
35011200040029;129
35011200040030;139
35011200040031;88
35011200040032;97
35011200040033;158
35011200040034;76
35011200040035;113
35011200040036;82
35011200040037;85
35011200040038;61
35011200040039;63
35011200040040;82
35011200040041;80
35011200040042;37
35011200040043;124
35011200040044;72
35011200040045;123
35011200040046;73
35011200040047;54
35011200040048;59
35011200040049;93
35011200040050;76
35011200040051;66
35011200040052;87
35011200040053;149
35011200040054;75
35011200040055;87
35011200040056;98
35011200040057;70
35011200040058;82
35011200050001;141
35011200050002;74
35011200050003;95
35011200050004;102
35011200050005;69
35011200050006;87
35011200050007;109
35011200050008;96
35011200050009;86
35011200050010;93
35011200050011;81
35011200050012;81
35011200050013;58
35011200050014;90
35011200050015;58
35011200050016;60
35011200050017;74
35011200050018;45
35011200050019;62
35011200050020;54
35011200050021;101
35011200050022;84
35011200050023;82
35011200050024;90
35011200050025;87
35011200050026;81
35011200050027;66
35011200050028;83
35011200050029;96
35011200050030;119
35011200050031;84
35011200050032;75
35011200050033;63
35011200050034;69
35011200050035;100
35011200050036;81
35011200050037;106
35011200050038;64
35011200050039;60
35011200060001;72
35011200060002;95
35011200060003;79
35011200060004;102
35011200060005;75
35011200060006;80
35011200060007;91
35011200060008;77
35011200060009;50
35011200060010;50
35011200060011;93
35011200060012;65
35011200060013;86
35011200060014;94
35011200060015;80
35011200060016;58
35011200060017;106
35011200060018;73
35011200060019;90
35011200060020;81
35011200060021;72
35011200060022;69
35011200060023;82
35011200060024;70
35011200060025;82
35011200060026;73
35011200060027;71
35011200060028;86
35011200060029;80
35011200060030;84
35011200060031;65
35011200060032;63
35011200060033;64
35011200070001;81
35011200070002;86
35011200070003;79
35011200070004;118
35011200070005;81
35011200070006;75
35011200070007;113
35011200070008;105
35011200070009;120
35011200070010;111
35011200070011;86
35011200070012;79
35011200070013;49
35011200070014;102
35011200070015;64
35011200070016;76
35011200070017;118
35011200070018;82
35011200070019;97
35011200070020;81
35011200080001;116
35011200080002;74
35011200080003;62
35011200080004;55
35011200080005;109
35011200080006;95
35011200080007;97
35011200080008;70
35011200080009;67
35011200080010;80
35011200080011;70
35011200080012;91
35011200080013;78
35011200080014;77
35011200080015;76
35011200080016;77
35011200080017;125
35011200080018;79
35011200080019;84
35011200080020;82
35011200080021;88
35011200080022;71
35011200080023;100
35011200080024;102
35011200080025;67
35011200080026;93
35011200080027;99
35011200080028;87
35011200080029;67
35011200080030;86
35011200080031;94
35011200080032;91
35011200080033;90
35011200080034;97
35011200080035;110
35011200080036;116
35011200080037;115
35011200080038;76
35011200080039;85
35011200080040;59
35011200090001;111
35011200090002;105
35011200090003;104
35011200090004;67
35011200090005;91
35011200090006;68
35011200090007;108
35011200090008;72
35011200090009;119
35011200090010;94
35011200090011;129
35011200090012;112
35011200090013;108
35011200090014;119
35011200090015;89
35011200090016;101
35011200090017;113
35011200090018;99
35011200090019;95
35011200090020;115
35011200090021;115
35011200090022;92
35011200100001;105
35011200100002;91
35011200100003;68
35011200100004;131
35011200100005;97
35011200100006;81
35011200100007;95
35011200100008;54
35011200100009;77
35011200100010;87
35011200100011;79
35011200100012;97
35011200100013;63
35011200100014;56
35011200100015;34
35011200100016;73
35011200100017;92
35011200100018;80
35011200100019;78
35011200100020;52
35011200100021;65
35011200100022;68
35011200100023;62
35011200100024;44
35011200100025;89
35011200100026;81
35011200100027;78
35011200100028;69
35011200100029;81
35011200100030;83
35011200100031;99
35011200100032;79
35011200100033;91
35011200100034;107
35011200100035;117
35011200100036;81
35011200100037;109
35011200100038;71
35011200100039;107
35011200100040;93
350112001000_CSN_PASAR_SUMBEREJO;1
35011200102001;0
35011400190_CSN_PONPES_ASSALAM;4
